-- Run this in the Supabase SQL editor after 001_create_invoices.sql
-- Seeds 3 demo clients with services and budget entries

-- ============ CLIENTS ============

insert into clients (id, name, project_name, parent_group, region, tags, team, commission_rate, billing_pattern, notes, sort_order)
values
  ('a1000000-0000-0000-0000-000000000001', 'One Wall Street', null, null, 'New York', '{"Digital"}', 'Jordan / James', 15, 'standard', '{"15% commission on ad spend","Client pays ad platforms directly"}', 1),
  ('a1000000-0000-0000-0000-000000000002', 'Algin Management', 'Portfolio', 'Algin Management', 'New York', null, 'Jordan / Bailey', 0, 'standard', '{"No commission"}', 2),
  ('a1000000-0000-0000-0000-000000000003', 'Print House', null, null, 'New York', null, 'Jordan / Bailey', 0, 'split-invoices', '{"Split invoices: mgmt fees + ad budgets","No commission"}', 3);

-- ============ SERVICES ============

-- One Wall Street
insert into client_services (id, client_id, service_name, service_type, credit_card, parent_service_id, sort_order)
values
  ('b1000000-0000-0000-0000-000000000001', 'a1000000-0000-0000-0000-000000000001', 'Digital marketing suite', 'fee', 'na', null, 1),
  ('b1000000-0000-0000-0000-000000000002', 'a1000000-0000-0000-0000-000000000001', 'Search ad budget', 'ad', 'client', null, 2),
  ('b1000000-0000-0000-0000-000000000003', 'a1000000-0000-0000-0000-000000000001', 'Performance max', 'ad', 'client', null, 3),
  ('b1000000-0000-0000-0000-000000000004', 'a1000000-0000-0000-0000-000000000001', 'Social media ad budget', 'ad', 'client', null, 4);

-- Algin Management / Portfolio
insert into client_services (id, client_id, service_name, service_type, credit_card, parent_service_id, sort_order)
values
  ('b2000000-0000-0000-0000-000000000001', 'a1000000-0000-0000-0000-000000000002', 'Digital marketing suite', 'fee', 'na', null, 1),
  ('b2000000-0000-0000-0000-000000000002', 'a1000000-0000-0000-0000-000000000002', 'SEO & blogging', 'seo', 'na', null, 2),
  ('b2000000-0000-0000-0000-000000000003', 'a1000000-0000-0000-0000-000000000002', 'Social media, organic', 'fee', 'na', null, 3),
  ('b2000000-0000-0000-0000-000000000004', 'a1000000-0000-0000-0000-000000000002', 'Search ad budget', 'ad', 'client', null, 4),
  ('b2000000-0000-0000-0000-000000000005', 'a1000000-0000-0000-0000-000000000002', 'Social media ad budget', 'ad', 'client', null, 5);

-- Print House
insert into client_services (id, client_id, service_name, service_type, credit_card, parent_service_id, sort_order)
values
  ('b3000000-0000-0000-0000-000000000001', 'a1000000-0000-0000-0000-000000000003', 'Digital marketing suite', 'fee', 'na', null, 1),
  ('b3000000-0000-0000-0000-000000000002', 'a1000000-0000-0000-0000-000000000003', 'Search ad budget', 'ad', 'kb', null, 2),
  ('b3000000-0000-0000-0000-000000000003', 'a1000000-0000-0000-0000-000000000003', 'Display ad budget', 'ad', 'kb', null, 3),
  ('b3000000-0000-0000-0000-000000000004', 'a1000000-0000-0000-0000-000000000003', 'Social media ad budget', 'ad', 'kb', null, 4);

-- ============ BUDGET ENTRIES ============

-- One Wall Street: DEC 2025 - APR 2026
insert into budget_entries (client_id, service_id, billing_month, amount) values
  ('a1000000-0000-0000-0000-000000000001', 'b1000000-0000-0000-0000-000000000001', 'DEC 2025', 7500),
  ('a1000000-0000-0000-0000-000000000001', 'b1000000-0000-0000-0000-000000000002', 'DEC 2025', 7500),
  ('a1000000-0000-0000-0000-000000000001', 'b1000000-0000-0000-0000-000000000003', 'DEC 2025', 1000),
  ('a1000000-0000-0000-0000-000000000001', 'b1000000-0000-0000-0000-000000000004', 'DEC 2025', 4750),
  ('a1000000-0000-0000-0000-000000000001', 'b1000000-0000-0000-0000-000000000001', 'JAN 2026', 7500),
  ('a1000000-0000-0000-0000-000000000001', 'b1000000-0000-0000-0000-000000000002', 'JAN 2026', 7500),
  ('a1000000-0000-0000-0000-000000000001', 'b1000000-0000-0000-0000-000000000003', 'JAN 2026', 1000),
  ('a1000000-0000-0000-0000-000000000001', 'b1000000-0000-0000-0000-000000000004', 'JAN 2026', 5250),
  ('a1000000-0000-0000-0000-000000000001', 'b1000000-0000-0000-0000-000000000001', 'FEB 2026', 7500),
  ('a1000000-0000-0000-0000-000000000001', 'b1000000-0000-0000-0000-000000000002', 'FEB 2026', 7500),
  ('a1000000-0000-0000-0000-000000000001', 'b1000000-0000-0000-0000-000000000003', 'FEB 2026', 1000),
  ('a1000000-0000-0000-0000-000000000001', 'b1000000-0000-0000-0000-000000000004', 'FEB 2026', 6000),
  ('a1000000-0000-0000-0000-000000000001', 'b1000000-0000-0000-0000-000000000001', 'MAR 2026', 7500),
  ('a1000000-0000-0000-0000-000000000001', 'b1000000-0000-0000-0000-000000000002', 'MAR 2026', 7500),
  ('a1000000-0000-0000-0000-000000000001', 'b1000000-0000-0000-0000-000000000003', 'MAR 2026', 1000),
  ('a1000000-0000-0000-0000-000000000001', 'b1000000-0000-0000-0000-000000000004', 'MAR 2026', 6000),
  ('a1000000-0000-0000-0000-000000000001', 'b1000000-0000-0000-0000-000000000001', 'APR 2026', 7500),
  ('a1000000-0000-0000-0000-000000000001', 'b1000000-0000-0000-0000-000000000002', 'APR 2026', 8500),
  ('a1000000-0000-0000-0000-000000000001', 'b1000000-0000-0000-0000-000000000003', 'APR 2026', 1000),
  ('a1000000-0000-0000-0000-000000000001', 'b1000000-0000-0000-0000-000000000004', 'APR 2026', 6000);

-- Algin Management: DEC 2025 - APR 2026
insert into budget_entries (client_id, service_id, billing_month, amount) values
  ('a1000000-0000-0000-0000-000000000002', 'b2000000-0000-0000-0000-000000000001', 'DEC 2025', 2750),
  ('a1000000-0000-0000-0000-000000000002', 'b2000000-0000-0000-0000-000000000002', 'DEC 2025', 500),
  ('a1000000-0000-0000-0000-000000000002', 'b2000000-0000-0000-0000-000000000003', 'DEC 2025', 3500),
  ('a1000000-0000-0000-0000-000000000002', 'b2000000-0000-0000-0000-000000000004', 'DEC 2025', 1250),
  ('a1000000-0000-0000-0000-000000000002', 'b2000000-0000-0000-0000-000000000005', 'DEC 2025', 1500),
  ('a1000000-0000-0000-0000-000000000002', 'b2000000-0000-0000-0000-000000000001', 'JAN 2026', 2750),
  ('a1000000-0000-0000-0000-000000000002', 'b2000000-0000-0000-0000-000000000002', 'JAN 2026', 500),
  ('a1000000-0000-0000-0000-000000000002', 'b2000000-0000-0000-0000-000000000003', 'JAN 2026', 3500),
  ('a1000000-0000-0000-0000-000000000002', 'b2000000-0000-0000-0000-000000000004', 'JAN 2026', 1250),
  ('a1000000-0000-0000-0000-000000000002', 'b2000000-0000-0000-0000-000000000005', 'JAN 2026', 1500),
  ('a1000000-0000-0000-0000-000000000002', 'b2000000-0000-0000-0000-000000000001', 'APR 2026', 1000),
  ('a1000000-0000-0000-0000-000000000002', 'b2000000-0000-0000-0000-000000000002', 'APR 2026', 500),
  ('a1000000-0000-0000-0000-000000000002', 'b2000000-0000-0000-0000-000000000003', 'APR 2026', 3500),
  ('a1000000-0000-0000-0000-000000000002', 'b2000000-0000-0000-0000-000000000004', 'APR 2026', 1250),
  ('a1000000-0000-0000-0000-000000000002', 'b2000000-0000-0000-0000-000000000005', 'APR 2026', 0);

-- Print House: DEC 2025 - APR 2026
insert into budget_entries (client_id, service_id, billing_month, amount) values
  ('a1000000-0000-0000-0000-000000000003', 'b3000000-0000-0000-0000-000000000001', 'DEC 2025', 1500),
  ('a1000000-0000-0000-0000-000000000003', 'b3000000-0000-0000-0000-000000000002', 'DEC 2025', 3000),
  ('a1000000-0000-0000-0000-000000000003', 'b3000000-0000-0000-0000-000000000003', 'DEC 2025', 500),
  ('a1000000-0000-0000-0000-000000000003', 'b3000000-0000-0000-0000-000000000004', 'DEC 2025', 1500),
  ('a1000000-0000-0000-0000-000000000003', 'b3000000-0000-0000-0000-000000000001', 'JAN 2026', 1500),
  ('a1000000-0000-0000-0000-000000000003', 'b3000000-0000-0000-0000-000000000002', 'JAN 2026', 3000),
  ('a1000000-0000-0000-0000-000000000003', 'b3000000-0000-0000-0000-000000000003', 'JAN 2026', 500),
  ('a1000000-0000-0000-0000-000000000003', 'b3000000-0000-0000-0000-000000000004', 'JAN 2026', 1500),
  ('a1000000-0000-0000-0000-000000000003', 'b3000000-0000-0000-0000-000000000001', 'APR 2026', 1500),
  ('a1000000-0000-0000-0000-000000000003', 'b3000000-0000-0000-0000-000000000002', 'APR 2026', 3000),
  ('a1000000-0000-0000-0000-000000000003', 'b3000000-0000-0000-0000-000000000003', 'APR 2026', 500),
  ('a1000000-0000-0000-0000-000000000003', 'b3000000-0000-0000-0000-000000000004', 'APR 2026', 1500);
